{   
    "绿地大城天地商业":[102.707854,25.019751],
    "西景盛典小区":[102.684569,25.052553],
    "新闻里社区":[102.698367,25.040704],
    "海伦国际":[102.750397,24.974427],
    "云锡花园":[102.742636,25.078738],
    "春晖小区颐达园":[102.685719,25.057266],
    "耀龙康城":[102.736599,25.105178],
    "星体花园":[102.768795,24.946187]
}
